Datetime,Water Level (m)
2025-03-26 18:00:00,-0.015914341
2025-03-26 19:00:00,-0.02163382
2025-03-26 20:00:00,-0.02433258
2025-03-26 21:00:00,-0.023348853
2025-03-26 22:00:00,-0.019344006
2025-03-26 23:00:00,-0.013327327
2025-03-27 00:00:00,-0.0064299935
2025-03-27 01:00:00,-5.066424e-06
2025-03-27 02:00:00,0.005670773
2025-03-27 03:00:00,0.010759296
2025-03-27 04:00:00,0.014645963
2025-03-27 05:00:00,0.015237234
2025-03-27 06:00:00,0.0119089475
2025-03-27 07:00:00,0.0056856717
2025-03-27 08:00:00,2.1581232e-05
2025-03-27 09:00:00,-0.001898123
2025-03-27 10:00:00,-0.0009976411
2025-03-27 11:00:00,0.0013743183
2025-03-27 12:00:00,0.0042132745
2025-03-27 13:00:00,0.006828804
2025-03-27 14:00:00,0.009549752
2025-03-27 15:00:00,0.012528371
2025-03-27 16:00:00,0.015874624
2025-03-27 17:00:00,0.017343331
2025-03-27 18:00:00,0.016108818
2025-03-27 19:00:00,0.012717914
2025-03-27 20:00:00,0.00968147
2025-03-27 21:00:00,0.010253874
2025-03-27 22:00:00,0.014415277
2025-03-27 23:00:00,0.020566154
2025-03-28 00:00:00,0.028124735
2025-03-28 01:00:00,0.03528838
2025-03-28 02:00:00,0.041884758
2025-03-28 03:00:00,0.048186224
2025-03-28 04:00:00,0.054936197
2025-03-28 05:00:00,0.060830954
2025-03-28 06:00:00,0.0634213
2025-03-28 07:00:00,0.061996866
2025-03-28 08:00:00,0.058396596
2025-03-28 09:00:00,0.056723107
2025-03-28 10:00:00,0.05824403
2025-03-28 11:00:00,0.0632643
2025-03-28 12:00:00,0.07027365
2025-03-28 13:00:00,0.076215945
2025-03-28 14:00:00,0.083461024
2025-03-28 15:00:00,0.0922824
2025-03-28 16:00:00,0.10044635
2025-03-28 17:00:00,0.1071609
2025-03-28 18:00:00,0.110892124
2025-03-28 19:00:00,0.110794365
2025-03-28 20:00:00,0.10779251
2025-03-28 21:00:00,0.106857
2025-03-28 22:00:00,0.11057685
2025-03-28 23:00:00,0.11807794
2025-03-29 00:00:00,0.12742352
2025-03-29 01:00:00,0.13494432
2025-03-29 02:00:00,0.14163952
2025-03-29 03:00:00,0.14818728
2025-03-29 04:00:00,0.15656573
2025-03-29 05:00:00,0.16451272
2025-03-29 06:00:00,0.16888078
2025-03-29 07:00:00,0.16898113
2025-03-29 08:00:00,0.16515799
2025-03-29 09:00:00,0.16055354
2025-03-29 10:00:00,0.15992384
2025-03-29 11:00:00,0.16455081
2025-03-29 12:00:00,0.17279847
2025-03-29 13:00:00,0.1801227
2025-03-29 14:00:00,0.187451
2025-03-29 15:00:00,0.19600913
2025-03-29 16:00:00,0.2039959
2025-03-29 17:00:00,0.21131605
2025-03-29 18:00:00,0.21602847
2025-03-29 19:00:00,0.2167397
2025-03-29 20:00:00,0.21349762
2025-03-29 21:00:00,0.20924422
2025-03-29 22:00:00,0.2095903
2025-03-29 23:00:00,0.21537451
2025-03-30 00:00:00,0.22427502
2025-03-30 01:00:00,0.23132972
2025-03-30 02:00:00,0.23620526
2025-03-30 03:00:00,0.24053888
2025-03-30 04:00:00,0.24564676
2025-03-30 05:00:00,0.25135958
2025-03-30 06:00:00,0.2553887
2025-03-30 07:00:00,0.25567728
2025-03-30 08:00:00,0.25002512
2025-03-30 09:00:00,0.23972683
2025-03-30 10:00:00,0.23318174
2025-03-30 11:00:00,0.23334922
2025-03-30 12:00:00,0.24086204
2025-03-30 13:00:00,0.25054657
2025-03-30 14:00:00,0.25790027
2025-03-30 15:00:00,0.26292986
2025-03-30 16:00:00,0.2662337
2025-03-30 17:00:00,0.2696309
2025-03-30 18:00:00,0.27342966
2025-03-30 19:00:00,0.27510363
2025-03-30 20:00:00,0.2727839
2025-03-30 21:00:00,0.26678723
2025-03-30 22:00:00,0.2604561
2025-03-30 23:00:00,0.2592849
2025-03-31 00:00:00,0.2640516
2025-03-31 01:00:00,0.27051413
2025-03-31 02:00:00,0.2747495
2025-03-31 03:00:00,0.27669883
2025-03-31 04:00:00,0.27832586
2025-03-31 05:00:00,0.28105572
2025-03-31 06:00:00,0.28429595
2025-03-31 07:00:00,0.28528598
2025-03-31 08:00:00,0.28265634
2025-03-31 09:00:00,0.2761978
2025-03-31 10:00:00,0.2680585
2025-03-31 11:00:00,0.26469693
2025-03-31 12:00:00,0.26875585
2025-03-31 13:00:00,0.27876595
2025-03-31 14:00:00,0.28662384
2025-03-31 15:00:00,0.29121643
2025-03-31 16:00:00,0.29407692
2025-03-31 17:00:00,0.29711306
2025-03-31 18:00:00,0.30144706
2025-03-31 19:00:00,0.30516797
2025-03-31 20:00:00,0.30603772
2025-03-31 21:00:00,0.30253282
2025-03-31 22:00:00,0.295644
2025-03-31 23:00:00,0.29049274
2025-04-01 00:00:00,0.29075554
2025-04-01 01:00:00,0.29568523
2025-04-01 02:00:00,0.30081213
2025-04-01 03:00:00,0.30335027
2025-04-01 04:00:00,0.3039322
2025-04-01 05:00:00,0.30488837
2025-04-01 06:00:00,0.30708587
2025-04-01 07:00:00,0.30942315
2025-04-01 08:00:00,0.30882746
2025-04-01 09:00:00,0.3045636
2025-04-01 10:00:00,0.29710886
2025-04-01 11:00:00,0.291303
2025-04-01 12:00:00,0.29246897
2025-04-01 13:00:00,0.29870537
2025-04-01 14:00:00,0.3049216
2025-04-01 15:00:00,0.30889466
2025-04-01 16:00:00,0.3111195
2025-04-01 17:00:00,0.31346658
2025-04-01 18:00:00,0.31712273
